{
  "teacher": "Qwen/Qwen3.5-35B-A3B",
  "max_new_tokens": 512,
  "max_prompt_len": 1024,
  "block_seed": null,
  "n_prompts": 60,
  "students": {
    "aceini/q-dist": {
      "status": "scored",
      "kl_global_avg": 0.089734,
      "kl_per_prompt": [
        0.099235,
        0.081486,
        0.110167,
        0.173775,
        0.033488,
        0.015717,
        0.022863,
        0.053673,
        0.072999,
        0.033109,
        0.012065,
        0.25629,
        0.047773,
        0.096114,
        0.111835,
        0.023912,
        0.132573,
        0.154867,
        0.039915,
        0.203969,
        0.290599,
        0.100145,
        0.062412,
        0.160351,
        0.063219,
        0.036759,
        0.018043,
        0.113772,
        0.027816,
        0.166042,
        0.16641,
        0.078701,
        0.182612,
        0.014952,
        0.006749,
        0.109771,
        0.230812,
        0.049355,
        0.064818,
        0.028083,
        0.062423,
        0.041264,
        0.195725,
        0.068926,
        0.108302,
        0.013518,
        0.05897,
        0.064399,
        0.247617,
        0.121151,
        0.030815,
        0.143859,
        0.046126,
        0.067185,
        0.017567,
        0.053281,
        0.127945,
        0.038354,
        0.061306,
        0.068067
      ],
      "prompts_scored": 60,
      "scoring_time": 3.2,
      "load_time": 21.6,
      "early_stopped": false
    },
    "rlinprogress/sn97-distilled-V13": {
      "status": "scored",
      "kl_global_avg": 0.089112,
      "kl_per_prompt": [
        0.099556,
        0.081975,
        0.108725,
        0.173656,
        0.03362,
        0.015526,
        0.022437,
        0.052174,
        0.075826,
        0.032856,
        0.011028,
        0.253437,
        0.047843,
        0.094593,
        0.111151,
        0.023865,
        0.13113,
        0.15286,
        0.039577,
        0.201524,
        0.289127,
        0.101167,
        0.062233,
        0.156677,
        0.063087,
        0.035826,
        0.017231,
        0.112712,
        0.025879,
        0.164895,
        0.16487,
        0.076337,
        0.180779,
        0.016089,
        0.007319,
        0.109975,
        0.231498,
        0.048472,
        0.064615,
        0.028254,
        0.061216,
        0.041158,
        0.198772,
        0.067289,
        0.107359,
        0.013378,
        0.059691,
        0.063242,
        0.246461,
        0.118993,
        0.031722,
        0.144303,
        0.04602,
        0.064336,
        0.017883,
        0.053628,
        0.127432,
        0.037414,
        0.061053,
        0.064982
      ],
      "prompts_scored": 60,
      "scoring_time": 2.3,
      "load_time": 1.6,
      "early_stopped": false
    },
    "michael-chan-000/le97-1000": {
      "status": "scored",
      "kl_global_avg": 0.097018,
      "kl_per_prompt": [
        0.107858,
        0.07988,
        0.122365,
        0.179847,
        0.034287,
        0.019612,
        0.025768,
        0.053706,
        0.080053,
        0.036004,
        0.011541,
        0.2616,
        0.052376,
        0.104194,
        0.119899,
        0.024799,
        0.132875,
        0.177349,
        0.044516,
        0.210831,
        0.328386,
        0.120689,
        0.06678,
        0.172675,
        0.065084,
        0.032445,
        0.018366,
        0.130118,
        0.029788,
        0.175028,
        0.176312,
        0.089711,
        0.205871,
        0.015298,
        0.009168,
        0.122325,
        0.251577,
        0.055024,
        0.065809,
        0.031676,
        0.064157,
        0.030962,
        0.207479,
        0.074519,
        0.137635,
        0.013539,
        0.068307,
        0.075726,
        0.266403,
        0.130953,
        0.034457,
        0.164586,
        0.051373,
        0.065526,
        0.02024,
        0.056305,
        0.141307,
        0.043298,
        0.0647,
        0.06814
      ],
      "prompts_scored": 60,
      "scoring_time": 2.3,
      "load_time": 12.2,
      "early_stopped": false
    }
  },
  "timings": {
    "teacher_cache_load": 14.1,
    "teacher_generation": 0.0,
    "teacher_logits_pass": 0.0,
    "teacher_gpu_precompute": 3.0
  }
}